{"cameraMode":{"drawMode":0,"name":"Shaded","section":"Shading Mode"},"sceneLighting":true,"audioPlay":false,"sceneViewState":{"showFog":true,"showMaterialUpdate":false,"showSkybox":true,"showFlares":true,"showImageEffects":true,"showParticleSystems":true},"in2DMode":false,"pivot":{"x":1.2713382244110108,"y":1.546293020248413,"z":-1.5078239440917969},"rotation":{"x":-0.019567059352993966,"y":0.9722034931182861,"z":-0.08803877979516983,"w":-0.2160758525133133},"size":5.857884883880615,"orthographic":false}